{"davies_bouldin": 0.5035680502991704, "calinski_harabasz": 1202.1167911276134, "silhouette_coefficient": 0.4932100128893331, "rand_index": 0.9992550261547095, "adjusted_rand_index": 0.9978039882318176, "mutual_info": 1.6876193760958489, "normalized_mutual_info": 0.9956972087142978, "adjusted_mutual_info": 0.9956349237891288, "homogeneity": 0.9957843738331331, "completeness": 0.9956100588539726, "v_measure": 0.9956972087142978, "homogeneity_completeness_v_measure": [0.9957843738331331, 0.9956100588539726, 0.9956972087142978], "fowlkes-mallows_index": 0.9982794138788972}