{"davies_bouldin": 4.820328987366279, "calinski_harabasz": 20.91117755288081, "silhouette_coefficient": 0.005769239061119178, "cluster_acc": 0.8942307692307693, "rand_index": 0.8746392942534421, "adjusted_rand_index": 0.7182520219392523, "mutual_info": 0.7996663692436061, "normalized_mutual_info": 0.7308348093185553, "adjusted_mutual_info": 0.7292344346228188, "homogeneity": 0.7280312626143889, "completeness": 0.7336600316259839, "v_measure": 0.7308348093185553, "homogeneity_completeness_v_measure": [0.7280312626143889, 0.7336600316259839, 0.7308348093185553], "fowlkes-mallows_index": 0.8123919729065021}